provider	title	link
bbc	US school shooting suspect, 14, questioned about threats last year	https://www.bbc.com/news/articles/c049yw352r1o
bbc	What we know about the Apalachee High School shooting victims	https://www.bbc.com/news/articles/c33n0elyp6ro
bbc	Woman describes horror of learning husband drugged her so others could rape her	https://www.bbc.com/news/articles/cd9dwxexp77o
bbc	Hunter Biden offers to change not- guilty plea in tax case	https://www.bbc.com/news/articles/cr5n926n6n0o
bbc	Harris agrees to muted mic rule in debate with Trump	https://www.bbc.com/news/articles/cqjlxdlp5qpo
bbc	Watch: Unseen video shows moments after JFK assassination	https://www.bbc.com/news/videos/c4gl323r1y6o
bbc	Olympian Rebecca Cheptegei dies after being set alight by ex-boyfriend	https://www.bbc.com/news/articles/c3vx0kq2xr2o
bbc	The Goth aesthetic, from ancient history to Beetlejuice	https://www.bbc.com/culture/article/20240905-the-historic-roots-of-goth
bbc	Gillian Anderson: I was surprised by shame of sharing sexual fantasies	https://www.bbc.com/news/articles/cq6r14767rro
bbc	More news	https://www.bbc.com/news
bbc	Barnier becomes new French PM and bids to end turmoil	https://www.bbc.com/news/articles/cqjlxvg2gj7o
bbc	Pope and top Indonesian imam make joint call for peace	https://www.bbc.com/news/articles/c5ylzy7drzqo
bbc	Israeli strike kills five Palestinians in West Bank, ministry says	https://www.bbc.com/news/articles/c2l1qk9nxqjo
bbc	Trump pleads not guilty to revised election interference charges	https://www.bbc.com/news/articles/c0e8jlyqe7vo
bbc	Venezuela opposition: Everyone knows we won vote	https://www.bbc.com/news/articles/c5ypreexqxlo
bbc	Late Māori king's daughter takes his place as monarch	https://www.bbc.com/news/videos/c9wj0j94z97o
bbc	Nigerian brothers jailed in US for sextortion scam targeting teenagers	https://www.bbc.com/news/articles/cr7rxpdyz9yo
bbc	Four victims of superyacht sinking suffocated in air pocket - reports	https://www.bbc.com/news/articles/c4gv63vrjvvo
bbc	'I saw a kid with a gun' - How Georgia school shooting unfolded	https://www.bbc.com/news/videos/c2edy93vwe2o
bbc	'I heard him hollering' - Parents on Georgia school shooting	https://www.bbc.com/news/videos/cdeyj8n04deo
bbc	Watch: Pole vaulter Duplantis beats Warholm in 100m race	https://www.bbc.com/sport/athletics/videos/cpdl7v83vp9o
bbc	Watch as a worker bee is born	https://www.bbc.com/news/videos/czjy89mlz20o
bbc	Moment small asteroid lights up night sky in Philippines	https://www.bbc.com/news/videos/c0jpl839z5qo
bbc	Uncovering the sunken relics of an ancient city	https://www.bbc.com/reel/video/p0jnbll0/uncovering-the-sunken-relics-of-an-ancient-city
bbc	Grenfell survivor: 'Losing my brother destroyed me'	https://www.bbc.com/news/videos/cgl23dw9g7lo
bbc	Venice Film Festival	https://www.bbc.com/culture/tags/venice-film-festival
bbc	Joker: Folie à Deux is 'a dreary slog' ★★☆☆☆	https://www.bbc.com/culture/article/20240904-joker-folie-a-deux-review
bbc	Queer: Craig is ‘heartbreaking’ in explicit drama ★★★☆☆	https://www.bbc.com/culture/article/20240903-queer-film-review
bbc	Travel	https://www.bbc.com/travel
bbc	Bulgaria's fascinating 'mini-Greece' by the sea	https://www.bbc.com/travel/article/20240903-a-mini-greece-by-the-sea-with-a-treasure-trove-just-off-the-shore
bbc	Future Planet	https://www.bbc.com/future/tags/future-planet
bbc	The ancient practice of 'good fire' is reviving birds and bears 	https://www.bbc.com/future/article/20240902-how-controlled-burns-can-help-wildlife
bbc	The giant 350-year-old model of St Paul's Cathedral	https://www.bbc.com/reel/video/p0jnkzzy/the-giant-350-year-old-model-of-st-paul-s-cathedral
bbc	‘Running for her family’ - Olympian mourned after vicious attack	https://www.bbc.com/news/articles/cd6y9j5wl31o
bbc	Paralympics 2024: GB's Winnifrith, 13, wins swimming silver, Kinghorn wins fourth medal on track	https://www.bbc.com/sport/disability-sport/live/cvg4jkxj29dt
bbc	I have another 'level' for semi-final - Draper	https://www.bbc.com/sport/tennis/articles/czjy8x41gyvo
bbc	'I don't have a butler' - billionaires' daughters chasing US Open title	https://www.bbc.com/sport/tennis/articles/cz9wl7gnz95o
bbc	Why this US jobs report matters and what to watch	https://www.bbc.com/news/articles/clyne60ln20o
bbc	YouTube restricts teenager access to fitness videos	https://www.bbc.com/news/articles/c049kn7wlgxo
bbc	Volvo gives up plan to sell only EVs by 2030	https://www.bbc.com/news/articles/c3ejye39434o
bbc	UK competition watchdog launches Oasis tickets probe	https://www.bbc.com/news/articles/cvg3l5j8r8lo
bbc	AI's solution to the 'cocktail party problem' used in court	https://www.bbc.com/news/articles/c5yk5mdj9gxo
bbc	Baseless claim about Harris crash spread by mysterious website	https://www.bbc.com/news/articles/cy4ye15le8xo
bbc	The Titanic is disintegrating. Here's how it will end	https://www.bbc.com/future/article/20240903-the-titanic-why-is-it-disintegrating-and-how-long-will-it-take-to-disappear
bbc	Sony takes Concord game offline two weeks after release	https://www.bbc.com/news/articles/c5y3zw5w7l3o
bbc	Paralympics	https://www.bbc.com/sport/disability-sport
bbc	'Table tennis makes all my worries go away'	https://www.bbc.com/sport/table-tennis/videos/cn0l3jlnp8eo
bbc	Designer Christian Siriano on plus-size fashion and reality TV	https://www.bbc.com/culture/article/20240904-designer-christian-siriano-on-plus-size-fashion-and-reality-tv
bbc	Weinstein indecent assault charges discontinued by CPS	https://www.bbc.com/news/articles/cj4xk8ejepko
bbc	Critics split over 'daring' and 'dull' Joker sequel	https://www.bbc.com/news/articles/crmwrzdem8no
bbc	Five epic Canadian outdoor adventures	https://www.bbc.com/travel/article/20240903-les-strouds-top-five-outdoor-adventures-in-canada
bbc	Jordan's new long-distance hiking trail	https://www.bbc.com/travel/article/20240903-the-wadi-rum-trail-jordans-new-long-distance-hike
bbc	The underground pasta school in Italy's ghost town	https://www.bbc.com/travel/article/20240830-the-underground-pasta-school-in-an-abandoned-italian-ghost-town
bbc	The child-killing wolves sparking panic in India	https://www.bbc.com/news/articles/cx2n1z943zzo
bbc	The Bahamas: The last lighthouse of its kind	https://www.bbc.com/reel/video/p0jjvhjy/the-bahamas-the-last-lighthouse-of-its-kind
bbc	Protecting Thailand's famous 'paradise beach'	https://www.bbc.com/reel/video/p0jf5mnt/protecting-thailand-s-famous-paradise-beach-
bbc	Earth's spectacular and remote 'capital' of lightning	https://www.bbc.com/reel/video/p0cjxx9x/earth-s-spectacular-and-remote-capital-of-lightning
bbc	How climate chaos is threatening the real 'Paddington bear'	https://www.bbc.com/reel/video/p0jbv222/climate-chaos-makes-paddington-bear-hangry-
bbc	The Essential List	https://cloud.email.bbc.com/SignUp10_08?&at_bbc_team=studios&at_medium=display&at_objective=acquisition&at_ptr_type=&at_ptr_name=bbc.comhp&at_format=Module&at_link_origin=homepage&at_campaign=essentiallist&at_campaign_type=owned
bbc	US Election Unspun	https://cloud.email.bbc.com/US_Election_Unspun_newsletter_signup?&at_bbc_team=studios&at_medium=display&at_objective=acquisition&at_ptr_type=&at_ptr_name=bbc.comhp&at_format=Module&at_link_origin=homepage&at_campaign=uselectionunspun&at_campaign_type=owned
bbc	News Briefing	https://cloud.email.bbc.com/bbcnewsignup2?&at_bbc_team=studios&at_medium=display&at_objective=acquisition&at_ptr_type=&at_ptr_name=bbc.comhp&at_format=Module&at_link_origin=homepage&at_campaign=newsbriefing&at_campaign_type=owned
bbc	John McCain's son endorses Harris after Trump cemetery visit	https://www.bbc.com/news/articles/cgedv8w7qd7o
bbc	ICC chief prosecutor defends Netanyahu arrest warrant in BBC interview	https://www.bbc.com/news/articles/c303y5m1p19o
bbc	Netanyahu doubles down on control of Gaza's border with Egypt	https://www.bbc.com/news/articles/cgl2370ldxro
bbc	Family of aid worker killed in Gaza call for inquiry	https://www.bbc.com/news/articles/c5y8zp8zdpzo
bbc	Columbia University term starts with protests and security	https://www.bbc.com/news/articles/cvg3dnn7zlyo
bbc	Kyiv names new foreign minister in cabinet revamp	https://www.bbc.com/news/articles/cwywj71ywyeo
bbc	Town makes friendship with Ukrainian city official	https://www.bbc.com/news/articles/c785yvxeydxo
bbc	Zelensky meets Irish PM, thanks people of Ireland	https://www.bbc.com/news/articles/cq6r10r81llo
bbc	Mother and daughters killed in new wave of strikes on Ukraine	https://www.bbc.com/news/articles/cpqj35jv3e7o
bbc	I heard years of Grenfell testimony. Here's why the disaster could have been prevented	https://www.bbc.com/news/articles/c62305qx946o
bbc	Israeli settlers are seizing Palestinian land under cover of war - they hope permanently	https://www.bbc.com/news/articles/c624qr3mqrzo
bbc	Riots show how the UK's far right has changed	https://www.bbc.com/news/articles/c74lwnxxxzjo
bbc	Power, oil and a $450m painting - insiders on the rise of Saudi's Crown Prince	https://www.bbc.com/news/articles/c4gz8934wrro
